{"cameraMode":{"drawMode":0,"name":"Shaded","section":"Shading Mode"},"sceneLighting":true,"audioPlay":false,"sceneViewState":{"showFog":false,"showMaterialUpdate":false,"showSkybox":false,"showFlares":false,"showImageEffects":false,"showParticleSystems":false},"in2DMode":false,"pivot":{"x":-0.1885494589805603,"y":3.0546276569366457,"z":10.221612930297852},"rotation":{"x":0.037513040006160739,"y":0.9336114525794983,"z":-0.1026410311460495,"w":0.34121620655059817},"size":31.565568923950197,"orthographic":false}