{"cameraMode":{"drawMode":0,"name":"Shaded","section":"Shading Mode"},"sceneLighting":false,"audioPlay":false,"sceneViewState":{"showFog":false,"showMaterialUpdate":false,"showSkybox":false,"showFlares":false,"showImageEffects":false,"showParticleSystems":false},"in2DMode":false,"pivot":{"x":-0.15341539680957795,"y":1.0673470497131348,"z":2.9761767387390138},"rotation":{"x":-0.021303735673427583,"y":0.9014157056808472,"z":-0.0446556955575943,"w":-0.4301314651966095},"size":2.779512643814087,"orthographic":false}