{"cameraMode":{"drawMode":0,"name":"Shaded","section":"Shading Mode"},"sceneLighting":true,"audioPlay":false,"sceneViewState":{"showFog":false,"showMaterialUpdate":false,"showSkybox":false,"showFlares":false,"showImageEffects":false,"showParticleSystems":false},"in2DMode":false,"pivot":{"x":6.280614852905273,"y":-4.32085657119751,"z":20.30474090576172},"rotation":{"x":0.281434565782547,"y":0.6300579905509949,"z":-0.26297327876091006,"w":0.6742903590202332},"size":69.0863037109375,"orthographic":false}