{"cameraMode":{"drawMode":0,"name":"Shaded","section":"Shading Mode"},"sceneLighting":false,"audioPlay":false,"sceneViewState":{"showFog":false,"showMaterialUpdate":false,"showSkybox":false,"showFlares":false,"showImageEffects":false,"showParticleSystems":false},"in2DMode":false,"pivot":{"x":-4.886665344238281,"y":1.054724931716919,"z":17.650367736816408},"rotation":{"x":-0.0807327926158905,"y":-0.2712653577327728,"z":0.022839505225419999,"w":-0.9588429927825928},"size":6.245858669281006,"orthographic":false}