{"cameraMode":{"drawMode":0,"name":"Shaded","section":"Shading Mode"},"sceneLighting":false,"audioPlay":false,"sceneViewState":{"showFog":false,"showMaterialUpdate":false,"showSkybox":false,"showFlares":false,"showImageEffects":false,"showParticleSystems":false},"in2DMode":false,"pivot":{"x":-0.22189469635486604,"y":4.118968486785889,"z":10.766191482543946},"rotation":{"x":0.1542787402868271,"y":-0.11678781360387802,"z":0.018368100747466089,"w":0.9809304475784302},"size":3.2678394317626955,"orthographic":false}