{"cameraMode":{"drawMode":0,"name":"Shaded","section":"Shading Mode"},"sceneLighting":false,"audioPlay":false,"sceneViewState":{"showFog":false,"showMaterialUpdate":false,"showSkybox":false,"showFlares":false,"showImageEffects":false,"showParticleSystems":false},"in2DMode":false,"pivot":{"x":0.004473953973501921,"y":2.170804500579834,"z":2.5544395446777345},"rotation":{"x":-0.19770266115665437,"y":0.21986745297908784,"z":-0.04555361345410347,"w":-0.9542039632797241},"size":7.405544757843018,"orthographic":false}