{"cameraMode":{"drawMode":0,"name":"Shaded","section":"Shading Mode"},"sceneLighting":false,"audioPlay":false,"sceneViewState":{"showFog":false,"showMaterialUpdate":false,"showSkybox":false,"showFlares":false,"showImageEffects":false,"showParticleSystems":false},"in2DMode":false,"pivot":{"x":2.4289493560791017,"y":-0.9488309621810913,"z":30.53303337097168},"rotation":{"x":0.47962048649787905,"y":0.29675719141960146,"z":-0.1764352023601532,"w":0.806702733039856},"size":56.80105972290039,"orthographic":false}