{"cameraMode":{"drawMode":0,"name":"Shaded","section":"Shading Mode"},"sceneLighting":false,"audioPlay":false,"sceneViewState":{"showFog":false,"showMaterialUpdate":false,"showSkybox":false,"showFlares":false,"showImageEffects":false,"showParticleSystems":false},"in2DMode":false,"pivot":{"x":0.020596157759428026,"y":1.78928542137146,"z":0.041010111570358279},"rotation":{"x":-0.21405234932899476,"y":0.5409067869186401,"z":-0.14465275406837464,"w":-0.8004239201545715},"size":3.457883596420288,"orthographic":false}