{"cameraMode":{"drawMode":0,"name":"Shaded","section":"Shading Mode"},"sceneLighting":false,"audioPlay":false,"sceneViewState":{"showFog":false,"showMaterialUpdate":false,"showSkybox":false,"showFlares":false,"showImageEffects":false,"showParticleSystems":false},"in2DMode":false,"pivot":{"x":-2.8967537879943849,"y":0.8969360589981079,"z":16.877647399902345},"rotation":{"x":-0.1733682006597519,"y":0.08438026905059815,"z":-0.014910775236785412,"w":-0.9811232089996338},"size":6.717082977294922,"orthographic":false}