{"cameraMode":{"drawMode":0,"name":"Shaded","section":"Shading Mode"},"sceneLighting":false,"audioPlay":false,"sceneViewState":{"showFog":false,"showMaterialUpdate":false,"showSkybox":false,"showFlares":false,"showImageEffects":false,"showParticleSystems":false},"in2DMode":false,"pivot":{"x":-6.980158805847168,"y":32.39082717895508,"z":16.93927764892578},"rotation":{"x":0.47340157628059389,"y":0.13971278071403504,"z":-0.07634682953357697,"w":0.8663396239280701},"size":21.31089973449707,"orthographic":false}