{"cameraMode":{"drawMode":0,"name":"Shaded","section":"Shading Mode"},"sceneLighting":true,"audioPlay":false,"sceneViewState":{"showFog":false,"showMaterialUpdate":false,"showSkybox":false,"showFlares":false,"showImageEffects":false,"showParticleSystems":false},"in2DMode":false,"pivot":{"x":-6.921823978424072,"y":1.1435983180999756,"z":0.7151609659194946},"rotation":{"x":0.09277942031621933,"y":-0.30123934149742129,"z":0.02946426533162594,"w":0.9485665559768677},"size":6.97550630569458,"orthographic":false}