{"cameraMode":{"drawMode":0,"name":"Shaded","section":"Shading Mode"},"sceneLighting":false,"audioPlay":false,"sceneViewState":{"showFog":false,"showMaterialUpdate":false,"showSkybox":false,"showFlares":false,"showImageEffects":false,"showParticleSystems":false},"in2DMode":false,"pivot":{"x":1.5344011783599854,"y":3.924661159515381,"z":29.113597869873048},"rotation":{"x":-0.02821357548236847,"y":0.9702971577644348,"z":-0.19498202204704286,"w":-0.14039915800094605},"size":29.704654693603517,"orthographic":false}