{"cameraMode":{"drawMode":0,"name":"Shaded","section":"Shading Mode"},"sceneLighting":false,"audioPlay":false,"sceneViewState":{"showFog":false,"showMaterialUpdate":false,"showSkybox":false,"showFlares":false,"showImageEffects":false,"showParticleSystems":false},"in2DMode":false,"pivot":{"x":-0.3594475984573364,"y":1.9289109706878663,"z":0.6871865391731262},"rotation":{"x":-0.08365985006093979,"y":0.3719811737537384,"z":-0.03368610888719559,"w":-0.9238492846488953},"size":5.4501953125,"orthographic":false}