{"cameraMode":{"drawMode":0,"name":"Shaded","section":"Shading Mode"},"sceneLighting":false,"audioPlay":false,"sceneViewState":{"showFog":false,"showMaterialUpdate":false,"showSkybox":false,"showFlares":false,"showImageEffects":false,"showParticleSystems":false},"in2DMode":false,"pivot":{"x":0.31533706188201907,"y":2.7717580795288088,"z":20.122180938720704},"rotation":{"x":0.1762210577726364,"y":0.08992980420589447,"z":-0.016169438138604165,"w":0.9801006317138672},"size":5.453390121459961,"orthographic":false}