{"cameraMode":{"drawMode":0,"name":"Shaded","section":"Shading Mode"},"sceneLighting":false,"audioPlay":false,"sceneViewState":{"showFog":false,"showMaterialUpdate":false,"showSkybox":false,"showFlares":false,"showImageEffects":false,"showParticleSystems":false},"in2DMode":false,"pivot":{"x":0.36557143926620486,"y":1.0397701263427735,"z":3.0424318313598635},"rotation":{"x":-0.05990596488118172,"y":0.898220956325531,"z":-0.1294178068637848,"w":-0.415773868560791},"size":2.3392786979675295,"orthographic":false}